{
  "apiBaseUrl": "https://px2zhqk65h.execute-api.us-east-1.amazonaws.com",
  "collabId": "sam",
  "keys": [
    {
      "noteKey": "1cf6b1d7-4642-439a-9ddb-acf5d38c3b5e",
      "apiKey": "f00a93c6-658a-4431-a2b0-ff0f17ae6936",
      "filePath": "Untitled.md"
    },
    {
      "noteKey": "0b4ef551-4dca-4117-8cee-db48ea90b8e8",
      "apiKey": "3f7c15cc-5ac6-4614-b759-6bee6a36cb12",
      "filePath": "Untitled 2.md"
    },
    {
      "noteKey": "91168406-ffd7-438b-b9cd-a9de4ae224e7",
      "apiKey": "63e2e989-c9f6-4d47-902f-ba940dff71e0",
      "filePath": "NewTestNote.md"
    },
    {
      "noteKey": "55d8ab5a-8159-4517-a555-f50d23e1c870",
      "apiKey": "4ffa1d13-ef3e-4588-bc15-38b373de77e7",
      "filePath": "OfferLimitTest.md"
    },
    {
      "noteKey": "008cdc10-0c8c-4cf4-ad1b-a913d89c90a8",
      "apiKey": "efc5534c-d2d1-4e9d-b960-0758b9d0256f",
      "filePath": "OfferTest.md"
    }
  ],
  "linkedKeys": [
    {
      "noteKey": "385b15b3-5812-4fbe-9c36-b98b15ed5a73",
      "apiKey": "c833f689-be1a-4e91-91a2-fdda93bd7d6f",
      "filePath": "Application Ideas.md"
    },
    {
      "noteKey": "0b4ef551-4dca-4117-8cee-db48ea90b8e8",
      "apiKey": "3f7c15cc-5ac6-4614-b759-6bee6a36cb12",
      "filePath": "Untitled 2.md"
    },
    {
      "noteKey": "91168406-ffd7-438b-b9cd-a9de4ae224e7",
      "apiKey": "63e2e989-c9f6-4d47-902f-ba940dff71e0",
      "filePath": "NewTestNote.md"
    },
    {
      "noteKey": "9ca0fe95-ec90-485f-9f45-e0f42aad4b6a",
      "apiKey": "c6041c2a-ce0d-4cee-b31c-b17ef337aba7",
      "filePath": "Untitled 1.md"
    }
  ],
  "activeKey": "008cdc10-0c8c-4cf4-ad1b-a913d89c90a8",
  "personalNotes": [],
  "noteKey": "4828024c-a444-41b9-bcdd-77754f2c007f",
  "apiKey": "174bb806-606b-49e2-a81b-0c1e01b7190b",
  "mySetting": "default",
  "autoUpdateRegistry": true
}