{
  "mySetting": "default",
  "keys": [
    {
      "noteKey": "4393a261-d021-4b82-96f6-b639258559b9",
      "apiKey": "61dc39c5-1a06-41fb-9413-be6b65540139",
      "filePath": ""
    },
    {
      "noteKey": "91168406-ffd7-438b-b9cd-a9de4ae224e7",
      "apiKey": "63e2e989-c9f6-4d47-902f-ba940dff71e0",
      "filePath": "NewTestNote.md"
    },
    {
      "noteKey": "55d8ab5a-8159-4517-a555-f50d23e1c870",
      "apiKey": "4ffa1d13-ef3e-4588-bc15-38b373de77e7",
      "filePath": "OfferLimitTest.md"
    },
    {
      "noteKey": "008cdc10-0c8c-4cf4-ad1b-a913d89c90a8",
      "apiKey": "efc5534c-d2d1-4e9d-b960-0758b9d0256f",
      "filePath": "OfferTest.md"
    }
  ],
  "linkedKeys": [
    {
      "ip": "10.119.1.157-NewTestNote|Edit",
      "note": "NewTestNote",
      "access": "Pulled"
    },
    {
      "noteKey": "55d8ab5a-8159-4517-a555-f50d23e1c870",
      "apiKey": "4ffa1d13-ef3e-4588-bc15-38b373de77e7",
      "filePath": "OfferLimitTest.md"
    },
    {
      "noteKey": "008cdc10-0c8c-4cf4-ad1b-a913d89c90a8",
      "apiKey": "efc5534c-d2d1-4e9d-b960-0758b9d0256f",
      "filePath": "OfferTest.md"
    }
  ],
  "registry": [
    {
      "key": "OfferTest",
      "content": "\ngimme 3 offers plz\n\nelusive 3rd offer\n\nJon's offer"
    },
    {
      "key": "NewTestNote",
      "content": "Yo"
    }
  ],
  "autoUpdateRegistry": true,
  "personalNotes": [],
  "apiBaseUrl": "https://px2zhqk65h.execute-api.us-east-1.amazonaws.com",
  "collabId": "Jon",
  "activeKey": "008cdc10-0c8c-4cf4-ad1b-a913d89c90a8"
}