{
  "mySetting": "default",
  "keys": [],
  "linkedKeys": [
    {
      "ip": "10.119.2.243-JippingTestNote|Edit",
      "note": "JippingTestNote",
      "access": "Pulled"
    }
  ],
  "registry": [
    {
      "key": "JippingTestNote",
      "content": "content\n\n\nTHis is a cool note\nI hope te test will succeed.\n\nThis can be pushed and pulled\n\nThis can be pushed and pulled\n\n\nI'm in the middle of a paragraph. I don't want you to be pulling mid sentence. I'm done with the paragraph\n\n\nOops!"
    }
  ],
  "autoUpdateRegistry": true,
  "personalNotes": []
}